-- MySQL dump 10.13  Distrib 8.0.16, for osx10.12 (x86_64)
--
-- Host: 127.0.0.1    Database: laravel_apr1_new
-- ------------------------------------------------------
-- Server version	8.0.23

/*!40101 SET @OLD_CHARACTER_SET_CLIENT=@@CHARACTER_SET_CLIENT */;
/*!40101 SET @OLD_CHARACTER_SET_RESULTS=@@CHARACTER_SET_RESULTS */;
/*!40101 SET @OLD_COLLATION_CONNECTION=@@COLLATION_CONNECTION */;
 SET NAMES utf8mb4 ;
/*!40103 SET @OLD_TIME_ZONE=@@TIME_ZONE */;
/*!40103 SET TIME_ZONE='+00:00' */;
/*!40014 SET @OLD_UNIQUE_CHECKS=@@UNIQUE_CHECKS, UNIQUE_CHECKS=0 */;
/*!40014 SET @OLD_FOREIGN_KEY_CHECKS=@@FOREIGN_KEY_CHECKS, FOREIGN_KEY_CHECKS=0 */;
/*!40101 SET @OLD_SQL_MODE=@@SQL_MODE, SQL_MODE='NO_AUTO_VALUE_ON_ZERO' */;
/*!40111 SET @OLD_SQL_NOTES=@@SQL_NOTES, SQL_NOTES=0 */;

--
-- Table structure for table `failed_jobs`
--

DROP TABLE IF EXISTS `failed_jobs`;
/*!40101 SET @saved_cs_client     = @@character_set_client */;
 SET character_set_client = utf8mb4 ;
CREATE TABLE `failed_jobs` (
  `id` bigint unsigned NOT NULL AUTO_INCREMENT,
  `uuid` varchar(255) COLLATE utf8mb4_unicode_ci NOT NULL,
  `connection` text COLLATE utf8mb4_unicode_ci NOT NULL,
  `queue` text COLLATE utf8mb4_unicode_ci NOT NULL,
  `payload` longtext COLLATE utf8mb4_unicode_ci NOT NULL,
  `exception` longtext COLLATE utf8mb4_unicode_ci NOT NULL,
  `failed_at` timestamp NOT NULL DEFAULT CURRENT_TIMESTAMP,
  PRIMARY KEY (`id`),
  UNIQUE KEY `failed_jobs_uuid_unique` (`uuid`)
) ENGINE=InnoDB DEFAULT CHARSET=utf8mb4 COLLATE=utf8mb4_unicode_ci;
/*!40101 SET character_set_client = @saved_cs_client */;

--
-- Dumping data for table `failed_jobs`
--

LOCK TABLES `failed_jobs` WRITE;
/*!40000 ALTER TABLE `failed_jobs` DISABLE KEYS */;
/*!40000 ALTER TABLE `failed_jobs` ENABLE KEYS */;
UNLOCK TABLES;

--
-- Table structure for table `migrations`
--

DROP TABLE IF EXISTS `migrations`;
/*!40101 SET @saved_cs_client     = @@character_set_client */;
 SET character_set_client = utf8mb4 ;
CREATE TABLE `migrations` (
  `id` int unsigned NOT NULL AUTO_INCREMENT,
  `migration` varchar(255) COLLATE utf8mb4_unicode_ci NOT NULL,
  `batch` int NOT NULL,
  PRIMARY KEY (`id`)
) ENGINE=InnoDB AUTO_INCREMENT=10 DEFAULT CHARSET=utf8mb4 COLLATE=utf8mb4_unicode_ci;
/*!40101 SET character_set_client = @saved_cs_client */;

--
-- Dumping data for table `migrations`
--

LOCK TABLES `migrations` WRITE;
/*!40000 ALTER TABLE `migrations` DISABLE KEYS */;
INSERT INTO `migrations` VALUES (1,'2014_10_12_000000_create_users_table',1),(2,'2014_10_12_100000_create_password_resets_table',1),(3,'2019_08_19_000000_create_failed_jobs_table',1),(4,'2021_02_19_005248_create_posts_table',1),(5,'2021_04_02_081653_create_permissions_table',1),(6,'2021_04_02_081733_create_roles_table',1),(7,'2021_04_02_082222_create_users_permissions_table',1),(8,'2021_04_02_082257_create_users_roles_table',1),(9,'2021_04_02_155706_create__roles_permissions_table',1);
/*!40000 ALTER TABLE `migrations` ENABLE KEYS */;
UNLOCK TABLES;

--
-- Table structure for table `password_resets`
--

DROP TABLE IF EXISTS `password_resets`;
/*!40101 SET @saved_cs_client     = @@character_set_client */;
 SET character_set_client = utf8mb4 ;
CREATE TABLE `password_resets` (
  `email` varchar(255) COLLATE utf8mb4_unicode_ci NOT NULL,
  `token` varchar(255) COLLATE utf8mb4_unicode_ci NOT NULL,
  `created_at` timestamp NULL DEFAULT NULL,
  KEY `password_resets_email_index` (`email`)
) ENGINE=InnoDB DEFAULT CHARSET=utf8mb4 COLLATE=utf8mb4_unicode_ci;
/*!40101 SET character_set_client = @saved_cs_client */;

--
-- Dumping data for table `password_resets`
--

LOCK TABLES `password_resets` WRITE;
/*!40000 ALTER TABLE `password_resets` DISABLE KEYS */;
/*!40000 ALTER TABLE `password_resets` ENABLE KEYS */;
UNLOCK TABLES;

--
-- Table structure for table `permission_role`
--

DROP TABLE IF EXISTS `permission_role`;
/*!40101 SET @saved_cs_client     = @@character_set_client */;
 SET character_set_client = utf8mb4 ;
CREATE TABLE `permission_role` (
  `permission_id` bigint unsigned NOT NULL,
  `role_id` bigint unsigned NOT NULL,
  `created_at` timestamp NULL DEFAULT NULL,
  `updated_at` timestamp NULL DEFAULT NULL,
  PRIMARY KEY (`permission_id`,`role_id`),
  KEY `permission_role_role_id_foreign` (`role_id`),
  CONSTRAINT `permission_role_permission_id_foreign` FOREIGN KEY (`permission_id`) REFERENCES `permissions` (`id`),
  CONSTRAINT `permission_role_role_id_foreign` FOREIGN KEY (`role_id`) REFERENCES `roles` (`id`)
) ENGINE=InnoDB DEFAULT CHARSET=utf8mb4 COLLATE=utf8mb4_unicode_ci;
/*!40101 SET character_set_client = @saved_cs_client */;

--
-- Dumping data for table `permission_role`
--

LOCK TABLES `permission_role` WRITE;
/*!40000 ALTER TABLE `permission_role` DISABLE KEYS */;
INSERT INTO `permission_role` VALUES (1,1,NULL,NULL);
/*!40000 ALTER TABLE `permission_role` ENABLE KEYS */;
UNLOCK TABLES;

--
-- Table structure for table `permission_user`
--

DROP TABLE IF EXISTS `permission_user`;
/*!40101 SET @saved_cs_client     = @@character_set_client */;
 SET character_set_client = utf8mb4 ;
CREATE TABLE `permission_user` (
  `user_id` bigint unsigned NOT NULL,
  `permission_id` bigint unsigned NOT NULL,
  `created_at` timestamp NULL DEFAULT NULL,
  `updated_at` timestamp NULL DEFAULT NULL,
  PRIMARY KEY (`user_id`,`permission_id`),
  KEY `permission_user_permission_id_foreign` (`permission_id`),
  CONSTRAINT `permission_user_permission_id_foreign` FOREIGN KEY (`permission_id`) REFERENCES `permissions` (`id`),
  CONSTRAINT `permission_user_user_id_foreign` FOREIGN KEY (`user_id`) REFERENCES `users` (`id`)
) ENGINE=InnoDB DEFAULT CHARSET=utf8mb4 COLLATE=utf8mb4_unicode_ci;
/*!40101 SET character_set_client = @saved_cs_client */;

--
-- Dumping data for table `permission_user`
--

LOCK TABLES `permission_user` WRITE;
/*!40000 ALTER TABLE `permission_user` DISABLE KEYS */;
/*!40000 ALTER TABLE `permission_user` ENABLE KEYS */;
UNLOCK TABLES;

--
-- Table structure for table `permissions`
--

DROP TABLE IF EXISTS `permissions`;
/*!40101 SET @saved_cs_client     = @@character_set_client */;
 SET character_set_client = utf8mb4 ;
CREATE TABLE `permissions` (
  `id` bigint unsigned NOT NULL AUTO_INCREMENT,
  `name` varchar(255) COLLATE utf8mb4_unicode_ci NOT NULL,
  `slug` varchar(255) COLLATE utf8mb4_unicode_ci NOT NULL,
  `created_at` timestamp NULL DEFAULT NULL,
  `updated_at` timestamp NULL DEFAULT NULL,
  PRIMARY KEY (`id`),
  UNIQUE KEY `permissions_name_unique` (`name`),
  UNIQUE KEY `permissions_slug_unique` (`slug`)
) ENGINE=InnoDB AUTO_INCREMENT=2 DEFAULT CHARSET=utf8mb4 COLLATE=utf8mb4_unicode_ci;
/*!40101 SET character_set_client = @saved_cs_client */;

--
-- Dumping data for table `permissions`
--

LOCK TABLES `permissions` WRITE;
/*!40000 ALTER TABLE `permissions` DISABLE KEYS */;
INSERT INTO `permissions` VALUES (1,'view dashboard','view-dashboard','2021-04-03 02:29:11','2021-04-03 02:29:11');
/*!40000 ALTER TABLE `permissions` ENABLE KEYS */;
UNLOCK TABLES;

--
-- Table structure for table `posts`
--

DROP TABLE IF EXISTS `posts`;
/*!40101 SET @saved_cs_client     = @@character_set_client */;
 SET character_set_client = utf8mb4 ;
CREATE TABLE `posts` (
  `id` bigint unsigned NOT NULL AUTO_INCREMENT,
  `user_id` bigint unsigned NOT NULL,
  `title` varchar(255) COLLATE utf8mb4_unicode_ci NOT NULL,
  `post_image` text COLLATE utf8mb4_unicode_ci,
  `body` text COLLATE utf8mb4_unicode_ci NOT NULL,
  `created_at` timestamp NULL DEFAULT NULL,
  `updated_at` timestamp NULL DEFAULT NULL,
  PRIMARY KEY (`id`),
  KEY `posts_user_id_foreign` (`user_id`),
  CONSTRAINT `posts_user_id_foreign` FOREIGN KEY (`user_id`) REFERENCES `users` (`id`) ON DELETE CASCADE
) ENGINE=InnoDB AUTO_INCREMENT=11 DEFAULT CHARSET=utf8mb4 COLLATE=utf8mb4_unicode_ci;
/*!40101 SET character_set_client = @saved_cs_client */;

--
-- Dumping data for table `posts`
--

LOCK TABLES `posts` WRITE;
/*!40000 ALTER TABLE `posts` DISABLE KEYS */;
INSERT INTO `posts` VALUES (1,11,'Enim minima beatae molestias facere.','https://via.placeholder.com/900x300.png/0066cc?text=vitae','Distinctio veniam provident qui laudantium dolorem quia. Est est temporibus tempore nam dolore. Rem et iste alias tempore.','2021-04-03 02:24:53','2021-04-03 02:24:53'),(2,12,'Enim perspiciatis impedit debitis id est.','https://via.placeholder.com/900x300.png/0044bb?text=quis','Corrupti quo et dolores eius et modi. Similique a magnam omnis et. Consequatur dicta sapiente excepturi est eos. Debitis dolorem mollitia dolorem.','2021-04-03 02:24:53','2021-04-03 02:24:53'),(3,13,'Et et laudantium dignissimos fuga animi.','https://via.placeholder.com/900x300.png/00ccee?text=qui','Voluptas consequatur non ullam tenetur soluta tempora. Minus sequi est officiis labore omnis aut quibusdam. Libero mollitia inventore et eos ut. Quia neque dolor corrupti autem rerum cum.','2021-04-03 02:24:53','2021-04-03 02:24:53'),(4,14,'Beatae animi consequatur rerum culpa et sunt.','https://via.placeholder.com/900x300.png/00cc66?text=quasi','Illo molestiae vero voluptatum ipsum velit ipsam impedit. Veniam cumque maxime velit sequi. Rerum debitis sequi libero quo est asperiores.','2021-04-03 02:24:53','2021-04-03 02:24:53'),(5,15,'Deserunt non ea cum assumenda.','https://via.placeholder.com/900x300.png/0022dd?text=voluptatibus','Molestiae est incidunt odit fuga. Sed perferendis culpa veritatis sit. In itaque qui minima ex optio nihil doloremque. Explicabo corrupti suscipit cupiditate placeat minus quis.','2021-04-03 02:24:53','2021-04-03 02:24:53'),(6,16,'Molestiae vitae explicabo accusantium.','https://via.placeholder.com/900x300.png/0099ff?text=corrupti','Aut fugiat eum tempore voluptate non doloremque et perferendis. Repellat sint porro quo perspiciatis eum rerum inventore aut. Molestiae tempore ut quisquam ratione officia praesentium. Quia voluptas itaque rerum excepturi nulla dolores inventore id.','2021-04-03 02:24:53','2021-04-03 02:24:53'),(7,17,'Quas sit delectus fuga voluptatem.','https://via.placeholder.com/900x300.png/00aadd?text=aspernatur','Non corrupti ut sequi sed quia voluptatem deserunt. Quia autem unde sit quis voluptate facilis. Error cum minus distinctio velit ex itaque sunt.','2021-04-03 02:24:53','2021-04-03 02:24:53'),(8,18,'Illum doloremque ex iusto autem.','https://via.placeholder.com/900x300.png/00cc33?text=aliquid','Eum voluptas ipsam nulla. Quo culpa excepturi dignissimos distinctio iure autem quod. Enim provident eos sint et. Quia id ipsum ut iusto id illum.','2021-04-03 02:24:53','2021-04-03 02:24:53'),(9,19,'Quibusdam libero ut quia omnis eaque voluptas.','https://via.placeholder.com/900x300.png/00bb99?text=magnam','Vero quia voluptas non quia dolores soluta eligendi. Natus maxime in est hic. Omnis nesciunt modi et iste optio molestias repellendus molestias. Dolorum et doloribus non labore qui.','2021-04-03 02:24:53','2021-04-03 02:24:53'),(10,20,'Placeat vero incidunt inventore sit nihil.','https://via.placeholder.com/900x300.png/00ee88?text=aspernatur','Dolores laudantium cumque aut omnis hic. Nobis quam ab iure. Eaque tempore quasi maxime velit. Aperiam porro porro dolores distinctio non voluptates ut. Nisi quos doloribus ut voluptatem.','2021-04-03 02:24:53','2021-04-03 02:24:53');
/*!40000 ALTER TABLE `posts` ENABLE KEYS */;
UNLOCK TABLES;

--
-- Table structure for table `role_user`
--

DROP TABLE IF EXISTS `role_user`;
/*!40101 SET @saved_cs_client     = @@character_set_client */;
 SET character_set_client = utf8mb4 ;
CREATE TABLE `role_user` (
  `user_id` bigint unsigned NOT NULL,
  `role_id` bigint unsigned NOT NULL,
  `created_at` timestamp NULL DEFAULT NULL,
  `updated_at` timestamp NULL DEFAULT NULL,
  PRIMARY KEY (`user_id`,`role_id`),
  KEY `role_user_role_id_foreign` (`role_id`),
  CONSTRAINT `role_user_role_id_foreign` FOREIGN KEY (`role_id`) REFERENCES `roles` (`id`),
  CONSTRAINT `role_user_user_id_foreign` FOREIGN KEY (`user_id`) REFERENCES `users` (`id`)
) ENGINE=InnoDB DEFAULT CHARSET=utf8mb4 COLLATE=utf8mb4_unicode_ci;
/*!40101 SET character_set_client = @saved_cs_client */;

--
-- Dumping data for table `role_user`
--

LOCK TABLES `role_user` WRITE;
/*!40000 ALTER TABLE `role_user` DISABLE KEYS */;
INSERT INTO `role_user` VALUES (21,1,NULL,NULL);
/*!40000 ALTER TABLE `role_user` ENABLE KEYS */;
UNLOCK TABLES;

--
-- Table structure for table `roles`
--

DROP TABLE IF EXISTS `roles`;
/*!40101 SET @saved_cs_client     = @@character_set_client */;
 SET character_set_client = utf8mb4 ;
CREATE TABLE `roles` (
  `id` bigint unsigned NOT NULL AUTO_INCREMENT,
  `name` varchar(255) COLLATE utf8mb4_unicode_ci NOT NULL,
  `slug` varchar(255) COLLATE utf8mb4_unicode_ci NOT NULL,
  `created_at` timestamp NULL DEFAULT NULL,
  `updated_at` timestamp NULL DEFAULT NULL,
  PRIMARY KEY (`id`),
  UNIQUE KEY `roles_name_unique` (`name`),
  UNIQUE KEY `roles_slug_unique` (`slug`)
) ENGINE=InnoDB AUTO_INCREMENT=2 DEFAULT CHARSET=utf8mb4 COLLATE=utf8mb4_unicode_ci;
/*!40101 SET character_set_client = @saved_cs_client */;

--
-- Dumping data for table `roles`
--

LOCK TABLES `roles` WRITE;
/*!40000 ALTER TABLE `roles` DISABLE KEYS */;
INSERT INTO `roles` VALUES (1,'Admin','admin','2021-04-03 02:27:46','2021-04-03 02:27:46');
/*!40000 ALTER TABLE `roles` ENABLE KEYS */;
UNLOCK TABLES;

--
-- Table structure for table `users`
--

DROP TABLE IF EXISTS `users`;
/*!40101 SET @saved_cs_client     = @@character_set_client */;
 SET character_set_client = utf8mb4 ;
CREATE TABLE `users` (
  `id` bigint unsigned NOT NULL AUTO_INCREMENT,
  `username` varchar(255) COLLATE utf8mb4_unicode_ci NOT NULL,
  `name` varchar(255) COLLATE utf8mb4_unicode_ci NOT NULL,
  `avatar` text COLLATE utf8mb4_unicode_ci,
  `email` varchar(255) COLLATE utf8mb4_unicode_ci NOT NULL,
  `email_verified_at` timestamp NULL DEFAULT NULL,
  `password` varchar(255) COLLATE utf8mb4_unicode_ci NOT NULL,
  `remember_token` varchar(100) COLLATE utf8mb4_unicode_ci DEFAULT NULL,
  `created_at` timestamp NULL DEFAULT NULL,
  `updated_at` timestamp NULL DEFAULT NULL,
  PRIMARY KEY (`id`),
  UNIQUE KEY `users_username_unique` (`username`),
  UNIQUE KEY `users_email_unique` (`email`)
) ENGINE=InnoDB AUTO_INCREMENT=25 DEFAULT CHARSET=utf8mb4 COLLATE=utf8mb4_unicode_ci;
/*!40101 SET character_set_client = @saved_cs_client */;

--
-- Dumping data for table `users`
--

LOCK TABLES `users` WRITE;
/*!40000 ALTER TABLE `users` DISABLE KEYS */;
INSERT INTO `users` VALUES (1,'anikolaus','Antonina Crist',NULL,'ddonnelly@example.com','2021-04-03 02:24:52','$2y$10$2t0R8edUSTnc.u7CT5MvneS.Hc7hNKz80EfOkKKtvOml8rBbCEoOi','zvnpvtLCb8','2021-04-03 02:24:53','2021-04-03 02:24:53'),(2,'bwalker','Stella Volkman Sr.',NULL,'dawn07@example.net','2021-04-03 02:24:53','$2y$10$pDjdDVYw/bkfdtStOLdZFuSToa87Iyw/IOVVWpVj.sKEnB.PcF7Ry','LVHdDEcxsz','2021-04-03 02:24:53','2021-04-03 02:24:53'),(3,'rolfson.arnulfo','Misael McDermott',NULL,'cbechtelar@example.org','2021-04-03 02:24:53','$2y$10$eZuPr8tJFPEJEvE4mawFLe6mLikqD0XtQeGtyIGRwza.JakxTovi2','ub0Eg1lLya','2021-04-03 02:24:53','2021-04-03 02:24:53'),(4,'kayleigh64','Felton Runte',NULL,'hackett.emilio@example.net','2021-04-03 02:24:53','$2y$10$ietqH7.ektKPXHhj0pr6BuSpZNl6OMoCdzBIx2R2LHg1bsMkttJ1S','wsug2F442X','2021-04-03 02:24:53','2021-04-03 02:24:53'),(5,'fay.august','Isadore Reichel',NULL,'sstanton@example.org','2021-04-03 02:24:53','$2y$10$shNR/9t5siYR3Vx6w3jo9u.S65peHJkYLbj6itBF68UWFX52zhDMS','CwvSoJohRy','2021-04-03 02:24:53','2021-04-03 02:24:53'),(6,'ondricka.raquel','Khalid Erdman',NULL,'john.mueller@example.com','2021-04-03 02:24:53','$2y$10$gAy1nqvqxH6DP7rwbGCjZuKOWucUAofJ3/LjmcJ6dCgd91Nhz9fOm','dzetOPwNcY','2021-04-03 02:24:53','2021-04-03 02:24:53'),(7,'hazle31','Hector Christiansen Sr.',NULL,'blanda.savion@example.org','2021-04-03 02:24:53','$2y$10$1gc.5GhIIwQX.AuxfARLJeCyc59Spe72Dkjlv44aSN21KeLjdu7b.','P3cTpfUzik','2021-04-03 02:24:53','2021-04-03 02:24:53'),(8,'layne.heathcote','Dr. Deontae Schulist',NULL,'keven.oconnell@example.org','2021-04-03 02:24:53','$2y$10$gpdFOaQhHsq2GAYWsm0ZC.lNXQwhpJHHEsJs8DDpyDYDn9P2iR5fS','1yyRav39pP','2021-04-03 02:24:53','2021-04-03 02:24:53'),(9,'zemlak.wendy','Louisa Lubowitz',NULL,'clementina66@example.org','2021-04-03 02:24:53','$2y$10$wQLxGiW0JBcBQCaFQ6s/juJ7SWj6fg9mpEVz0EBYM.USuxhTvrPxG','NjPZc04pJp','2021-04-03 02:24:53','2021-04-03 02:24:53'),(10,'nstroman','Katelin Nolan',NULL,'kuhic.missouri@example.com','2021-04-03 02:24:53','$2y$10$fl.uywEsNgtdYXS8l4BqDOQ30AFeChAkhSwv3C2wCsX7q5bc6vIpa','i1qtSLEO0S','2021-04-03 02:24:53','2021-04-03 02:24:53'),(11,'rickie64','Ervin Wisoky',NULL,'glennie.nicolas@example.net','2021-04-03 02:24:53','$2y$10$dSxR3sQGG4x/sz.fEeViZu8etvJQdM8d7acle5XGwCRu2mMZ6Zzji','Dzm4ySyjmG','2021-04-03 02:24:53','2021-04-03 02:24:53'),(12,'jschroeder','Enos Block',NULL,'nolan.idella@example.com','2021-04-03 02:24:53','$2y$10$dg2uuvR5Jn8l6cT8xh3wJuX.dnObmTbX9OoOGDPGw8RSweQOuyM12','iFYdcceNdP','2021-04-03 02:24:53','2021-04-03 02:24:53'),(13,'moises.cummerata','Braeden Ortiz',NULL,'brad.thompson@example.com','2021-04-03 02:24:53','$2y$10$iIqv0yvKDd7ATGRN8ZifuOqZNfRhrkkPpG0frkMaHntpLGahrBmH2','a9BNJT9t6u','2021-04-03 02:24:53','2021-04-03 02:24:53'),(14,'may.mayert','Ms. Gisselle Gerlach',NULL,'candida.ziemann@example.com','2021-04-03 02:24:53','$2y$10$FABcR3rWKSH3tSWAYqMZzennzZ5NmZTedlzyljbr0g0i1Yw9Z01om','BWWMQTQ0R8','2021-04-03 02:24:53','2021-04-03 02:24:53'),(15,'prosacco.jamel','Mr. Randal Olson IV',NULL,'murphy.dan@example.net','2021-04-03 02:24:53','$2y$10$AlGCCYbjT793ygVPJZ8tTuoTdsNWOZxinC6LMkuSyDLtE1lMYhg1u','2sJ1kG5NwK','2021-04-03 02:24:53','2021-04-03 02:24:53'),(16,'wisoky.abagail','Prof. Merlin Dickinson',NULL,'beaulah57@example.net','2021-04-03 02:24:53','$2y$10$fgcNZKT1NJoMezlo9j8Vq.Nzs1XH1tbxs1SrwE3vDrV3TwxySuWuO','PmgCkHfaht','2021-04-03 02:24:53','2021-04-03 02:24:53'),(17,'elise.fay','Hayden Ortiz',NULL,'noemie.bechtelar@example.org','2021-04-03 02:24:53','$2y$10$Tjc/yrfSGK4m53ajiEgBC.4.RmzxojbeO6tGuTww/klBKOt3Xgi16','96b2YGmhYw','2021-04-03 02:24:53','2021-04-03 02:24:53'),(18,'carlo.nicolas','Ocie Romaguera',NULL,'jeanette.crona@example.com','2021-04-03 02:24:53','$2y$10$/R0MqSGY0ZqN5S4EW34JIeo0yCa0C6W8mrPvdwO9TrxaGy2wwK2mC','Z7FkF9LvLb','2021-04-03 02:24:53','2021-04-03 02:24:53'),(19,'jarred.bartell','Roy Sauer',NULL,'geraldine.lueilwitz@example.org','2021-04-03 02:24:53','$2y$10$0P60w.ORlhjXm41OUIUUBOFr8g7dUKp.5fPWZsyaOZkQv4IlETsg.','EOF5pJk4X3','2021-04-03 02:24:53','2021-04-03 02:24:53'),(20,'monserrat49','Hilton Marquardt',NULL,'enolan@example.net','2021-04-03 02:24:53','$2y$10$lDLoy8si5UqiMc5U91bXN.QWQy8tPPoyII7d6tNrJlTvxnsjbMD3m','NxVYoIHNpN','2021-04-03 02:24:53','2021-04-03 02:24:53'),(21,'Karthikeyan','Karthi',NULL,'karthikrish6285@gmail.com',NULL,'$2y$10$fMETy1XTXklHzuhOY8s9N.Bzm9aep40pMz6LyepB/8jko5eKiuuJK',NULL,'2021-04-03 02:25:52','2021-04-03 02:25:52'),(22,'Navanee','Navaneekk',NULL,'Navanee@gmail.com',NULL,'$2y$10$PcwgHg4pLydVhYcrWuFoPOfo/ytwBLqwQznX9QA3g.di8iMPkQZ2.',NULL,'2021-04-03 02:48:59','2021-04-03 02:48:59'),(23,'kk','kk',NULL,'kk@gmail.com',NULL,'$2y$10$gWwPJYhlXzzJZk7tvLw8O.SUYAFgoJKaAWvOBq2le.xiTWWN9GRp6',NULL,'2021-04-03 07:57:17','2021-04-03 07:57:17'),(24,'kamal','kamal kk',NULL,'kamal@gmail.com',NULL,'$2y$10$h2nR.fFi8RzdL0zA9WRRiOWKMs/j8PjFw8v5hQxgTBujQATV/LuJq',NULL,'2021-04-04 22:34:07','2021-04-04 22:34:07');
/*!40000 ALTER TABLE `users` ENABLE KEYS */;
UNLOCK TABLES;

--
-- Dumping routines for database 'laravel_apr1_new'
--
/*!40103 SET TIME_ZONE=@OLD_TIME_ZONE */;

/*!40101 SET SQL_MODE=@OLD_SQL_MODE */;
/*!40014 SET FOREIGN_KEY_CHECKS=@OLD_FOREIGN_KEY_CHECKS */;
/*!40014 SET UNIQUE_CHECKS=@OLD_UNIQUE_CHECKS */;
/*!40101 SET CHARACTER_SET_CLIENT=@OLD_CHARACTER_SET_CLIENT */;
/*!40101 SET CHARACTER_SET_RESULTS=@OLD_CHARACTER_SET_RESULTS */;
/*!40101 SET COLLATION_CONNECTION=@OLD_COLLATION_CONNECTION */;
/*!40111 SET SQL_NOTES=@OLD_SQL_NOTES */;

-- Dump completed on 2021-04-05  9:43:24
